Marca,Tamanho,Tecnologia,Tela,Entradas,Dominio,arquivo,title
"
SAMSUNG
","
32 Polegadas
","
LED
","
1080 Pixels
","
HDMI
",Amazon,5.html,Smart TV LED 32'' HD Samsung LH32BETBLGGXZD | Amazon.com.br
"
Semp
",50,"
LED
","
4K
","
Bluetooth, Wi-Fi, USB, HDMI
",Amazon,8.html,Android TV LED 50” SEMP SK8300 Ultra HD 4K HDR | Amazon.com.br
"
PHILCO
",32,"
LED
","
1366 x 768
","
Ethernet, HDMI
",Amazon,9.html,Smart TV Philco PTV32G70SBL LED- HD- WIFI integrado | Amazon.com.br
"
SAMSUNG
","
32 Polegadas
","
LED
","
1080 Pixels
","
HDMI
",Amazon,12.html,Smart TV LED 32'' HD Samsung LH32BETBLGGXZD | Amazon.com.br
"
SAMSUNG
","
32 Polegadas
","
LED
","
1080 Pixels
","
HDMI
",Amazon,14.html,Smart TV LED 32'' HD Samsung LH32BETBLGGXZD | Amazon.com.br
"
SAMSUNG
","
32 Polegadas
","
LED
","
1080 Pixels
","
HDMI
",Amazon,16.html,Smart TV LED 32'' HD Samsung LH32BETBLGGXZD | Amazon.com.br
"
SAMSUNG
","
32 Polegadas
","
LED
","
1080 Pixels
","
HDMI
",Amazon,17.html,Smart TV LED 32'' HD Samsung LH32BETBLGGXZD | Amazon.com.br
"
TCL
",50,"
LED
","
4K
","
Bluetooth, Wi-Fi, USB, HDMI
",Amazon,20.html,Android TV Led 50” Tcl P715 4K Uhd Hdr | Amazon.com.br
"
SAMSUNG
","
32 Polegadas
","
LED
","
1080 Pixels
","
HDMI
",Amazon,21.html,Smart TV LED 32'' HD Samsung LH32BETBLGGXZD | Amazon.com.br
"
PHILCO
",39,"
LED
","
1366 x 768
","
HDMI
",Amazon,23.html,TV LED 39'' HD Philco PTV39G50D | Amazon.com.br
"
PHILCO
","
40 Polegadas
","
LED
","
1920 x 1080
","
HDMI
",Amazon,24.html,"Smart TV D LED 40"" PHILCO PTV40G60SNBL - Wi-Fi 3 HDMI 2 USB | Amazon.com.br"
"
SAMSUNG
","
32 Polegadas
","
LED
","
1980 Pixels
","
Wi-Fi, USB, HDMI
",Amazon,25.html,"Smart TV LED 32"", Samsung, UN32J4290AGXZD | Amazon.com.br"
"
SAMSUNG
",32,"
LED
","
1366 x 768 Pixels
","
HDMI
",Amazon,27.html,"Smart TV LED 32"" HD Samsung UN32T4300AGXZD, Sistema Operacional Tizen, Wi-Fi, Espelhamento de Tela, Dolby Digital Plus, 2 HDMI e 1 USB | Amazon.com.br"
"
TCL
","
32 Polegadas
","
LED
","
1366 x 768
","
Bluetooth, Wi-Fi, USB, Ethernet, HDMI
",Amazon,31.html,Smart TV LED 32” TCL 32S6500 Android Wi-Fi HDR - Inteligência Artificial Conversor Digital 2 HDMI | Amazon.com.br
"
LG
",43,"
LED
","
19201080 Pixels
","
HDMI
",Amazon,33.html,"Smart TV LED PRO 43"" Full HD LG 43LM631C0SB, ThinQ AI, 3 HDMI, 2 USB, Wi-Fi, Conversor Digital | Amazon.com.br"
"
LG
",32,"
LED
","
1366 x 768 (HD)
","
HDMI
",Amazon,34.html,"TV LED 32"" LG 32LT330HBSB, 2 HDMI, 1 USB, Pro Conversor Digital | Amazon.com.br"
"
LG
","
20 Polegadas
","
LCD LED
","
768 Pixels
","
VGA, USB
",Amazon,37.html,"TV LED Monitor 20"" LG HD 20MT49DF-PS, Conversor Digital Integrdo, 1 HDM, 1 USB | Amazon.com.br"
"
SAMSUNG
",50,"
LED
","
3,840 x 2,160 Pixels
","
HDMI
",Amazon,38.html,"Smart TV LED 50"" 4K UHD Samsung 50RU7100, 3 HDMI, 2 USB, Premium HDR e Wi-fi | Amazon.com.br"
"
Panasonic
","
40 Polegadas
","
LED
","
1920 x 1080
","
Wi-Fi, USB, Ethernet, HDMI
",Amazon,39.html,"Panasonic TC-40FS600B Smart TV LED 40"" Full HD, Conversor Digital, 2 HDMI, 1 USB, Bluetooth, Wi-Fi, Preto (Black) | Amazon.com.br"
"
SAMSUNG
","
55 Polegadas
","
LED
","
3840 x 2160 Pixels
","
HDMI
",Amazon,40.html,Smart TV LED 55” Ultra HD 4K HDR Samsung LH55BENELGAZD 3 HDMI 2 USB Wi-Fi | Amazon.com.br
"
SAMSUNG
",58,"
LED
","
3840 x 2160
","
HDMI
",Amazon,41.html,"Smart TV LED 58"" 4K UHD Samsung UN58RU7100, Conversor Digital, 3 HDMI, 2 USB, Wi-Fi, Visual Livre de Cabos e Bluetooth | Amazon.com.br"
"
SAMSUNG
","
55 Polegadas
","
QLED
","
1080 Pixels
","
Bluetooth, USB, Ethernet, HDMI
",Amazon,42.html,"Smart TV 4K Samsung QLED 55"" UHD - QN55Q60TAGXZD | Amazon.com.br"
"
SAMSUNG
","
49 Centímetros
","
QLED
","
3.840 x 2.160 Pixels
","
USB, Ethernet, HDMI, Sem fio
",Amazon,43.html,Tv Samsung Smart 49'' QLED QN49Q60RAGXZD | Amazon.com.br
"
SAMSUNG
","
50 Polegadas
","
QLED
","
1080 Pixels
","
Bluetooth, USB, HDMI
",Amazon,44.html,Smart TV 4K QLED 50” Samsung QN50Q60TAGXZD: Amazon.com.br: Eletrônicos
"
PHILIPS
","
50 Polegadas
","
LED
","
3840 x 2160 Pixels
","
Bluetooth, Wi-fi, USB, Ethernet, HDMI
",Amazon,59.html,"Smart TV Philips 50PUG7625 4K UHD, P5, HDR10+, Dolby Vision, Dolby Atmos, Bluetooth, WiFi, 3 HDMI, 2 USB - Preto Bordas ultrafinas | Amazon.com.br"
"
PHILIPS
","
43 Polegadas
","
LED
","
1920 x 1080 Pixels
","
Wi-Fi, USB, Ethernet, HDMI
",Amazon,66.html,"Smart TV Philips 43PFG6825/78-43"" Full HD sem bordas, HDR Plus, 3 HDMI, 2 USB, Wifi Miracast, Conversor digital, Netflix, Youtube, Globoplay e Prime Video | Amazon.com.br"
"
PHILIPS
","
32 Polegadas
","
LED
","
1366 x 768 Pixels
","
Wi-Fi, USB, Ethernet, HDMI
",Amazon,67.html,"Smart TV Philips 32PHG6825/78-32"" HD sem bordas, HDR Plus, 3 HDMI, 2 USB, Wifi Miracast, Conversor digital, Netflix, Youtube, Globoplay e Prime Video | Amazon.com.br"
"
TCL
","
43 Polegadas
","
LED
","
1920 x 1080
","
Bluetooth, Wi-Fi, USB, Ethernet, HDMI
",Amazon,83.html,"Smart TV LED 43"" Android TCl 43s6500 Full HD com Conversor Digital Wi-Fi Bluetooth 1 USB 2 HDMI Controle Remoto com Comando de Voz Google Assistant | Amazon.com.br"
"
LG
","
32 Polegadas
","
LED
","
1366 x 768 Pixels
","
Bluetooth, Wi-Fi, USB, Ethernet, HDMI
",Amazon,89.html,"Smart TV LG LCD 32” com Comandos de Voz, WebOS 4.5, Upscaler HD, HDR Ativo e Wi-Fi Preta - 32LM625BPSB | Amazon.com.br"
"
LG
","
32 Polegadas
","
LCD
","
1366768 Pixels
","
USB, Ethernet, HDMI
",Amazon,90.html,"Smart TV LED 32"" HD LG 32LM621CBSB.A, 3 HDMI, 2 USB, Bluetooth, Wi-Fi, Active HDR, ThinQ AI | Amazon.com.br"
"
LG
","
55 Polegadas
","
LED
","
1080 Pixels
","
HDMI
",Amazon,92.html,"Smart TV LED 55"" 4K UHD LG 55UN731C, 3 HDMI, 2 USB, Wi-Fi, Assistente Virtual e Bluetooth | Amazon.com.br"
"
SAMSUNG
","
50 Polegadas
","
LED
","
2160 Pixels
","
USB, HDMI
",Amazon,94.html,"Smart TV LED 50"" 4K Samsung LH50BETHVGGXZD, 2 HDMI, 1 USB, Wi-Fi, Tyzen | Amazon.com.br"
"
AOC
","
43 Polegadas
","
LED
","
1920 Pixels
","
Wi-Fi, USB, Video Composto, Ethernet, HDMI
",Amazon,95.html,"Smart TV LED 43"" Full HD AOC ROKU TV FHD 43S5195/78G, Wi-Fi, 3 HDMI, 1 USB, Wifi, Conversor Digital | Amazon.com.br"
"
PHILCO
",32,"
LED
","
1366 X 768
","
USB, Ethernet, HDMI
",Amazon,100.html,"TV 32"" HD Backlight D-LED Philco PTV32F10D, Receptor Digital Integrado - Bivolt | Amazon.com.br"
"
LG
","
23.6 Polegadas
","
LED
",768,"
HDMI
",Amazon,101.html,"Smart TV LED 24"" Monitor LG 24TL520S, Wi-Fi, WebOS 3.5, DTV Machine Ready | Amazon.com.br"
"
SAMSUNG
","
65 Polegadas
","
QLED
","
3.840 X 2.160 Pixels
","
Bluetooth, USB, Ethernet, HDMI, Sem fio
",Amazon,138.html,Tv Samsung Smart 65'' QLED QN65Q80TAGXZD | Amazon.com.br
"
Panasonic
","
55 Polegadas
","
LED
","
16 Pixels
","
Wi-Fi, USB, Ethernet, HDMI
",Amazon,139.html,"Smart TV LED 55"", Resolução 4K Ultra HD, Panasonic, TC-55GX500B | Amazon.com.br"
"
SAMSUNG
","
55 Polegadas
","
QLED
","
1080 Pixels
","
Bluetooth, USB, Ethernet, HDMI
",Amazon,140.html,"Smart TV 4K Samsung QLED 55"" UHD - QN55Q60TAGXZD | Amazon.com.br"
"
SAMSUNG
",50,"
LED
","
3840 x 2160 Pixels
","
HDMI
",Amazon,141.html,"Smart TV LED 50"" 4K Cristal UHD Samsung UN50TU8000GXZD, HDMI 2, USB 1, WI-FI | Amazon.com.br"
"
PHILCO
","
24 Polegadas
","
LED
","
1366 x 768
","
USB, HDMI
",Amazon,142.html,"TV LED 24"" Philco PH24N91D HD com Conversor Digital 1 HDMI 1 USB | Amazon.com.br"
"
PHILCO
",24,"
LED
","
1366 x 768 Pixels
","
HDMI
",Amazon,143.html,"TV LED 24"" HD PHILCO PTV24C10D, Resolução HD, Recepção Digital, Preta Bivolt | Amazon.com.br"
"
Semp
","
43 Polegadas
","
LED
","
1920 x 1080
","
Bluetooth, USB, Ethernet, HDMI, Wifi
",Amazon,144.html,"Smart TV LED 43'' Full HD Semp 43S5300, 2 HDMI 1 USB, Wi-Fi, Google Assistant, Controle Remoto Com Comando De Voz, Android | Amazon.com.br"
"
Panasonic
",43,"
LED
","
1080p
","
USB, HDMI
",Amazon,145.html,"PANASONIC SMART TV LED 43"" FHD, 2 HDMI, 2 USB, WI-FI - 1 ANO DE GARANTIA | Amazon.com.br"
"
Multilaser
","
32 Polegadas
","
LED
","
1366 Pixels
","
Wi-fi
",Amazon,146.html,Tela 32 Polegadas HD Com Função Smart E Wi-Fi Integrado Multilaser - TL020 | Amazon.com.br
"
SAMSUNG
","
65 Polegadas
","
QLED
","
3.840 X 2.160 Pixels
","
Bluetooth, USB, Ethernet, HDMI, Sem fio
",Amazon,148.html,Tv Samsung Smart 65'' QLED QN65Q80TAGXZD | Amazon.com.br
"
Panasonic
","
55 Polegadas
","
LED
","
16 Pixels
","
Wi-Fi, USB, Ethernet, HDMI
",Amazon,149.html,"Smart TV LED 55"", Resolução 4K Ultra HD, Panasonic, TC-55GX500B | Amazon.com.br"
"
PHILCO
","
24 Polegadas
","
LED
","
1366 x 768
","
USB, HDMI
",Amazon,150.html,"TV LED 24"" Philco PH24N91D HD com Conversor Digital 1 HDMI 1 USB | Amazon.com.br"
"
PHILIPS
","
50 Polegadas
","
LED
","
3840 Pixels
","
Bluetooth, USB, Video Composto, Ethernet, HDMI
",Amazon,153.html,"Smart TV 50"" 4K PHILIPS 50PUG6654/78, UHD, HDR10+, Dolby Vision, Dolby Atmos, Bluetooth, WiFi, 3 HDMI, 2 USB | Amazon.com.br"
"
Semp
","
43 Polegadas
","
LED
","
1920 x 1080
","
Bluetooth, USB, Ethernet, HDMI, Wifi
",Amazon,154.html,"Smart TV LED 43'' Full HD Semp 43S5300, 2 HDMI 1 USB, Wi-Fi, Google Assistant, Controle Remoto Com Comando De Voz, Android | Amazon.com.br"
"
Semp
",50,"
LED
","
4K
","
Bluetooth, Wi-Fi, USB, HDMI
",Amazon,155.html,Android TV LED 50” SEMP SK8300 Ultra HD 4K HDR | Amazon.com.br
"
Semp
","
32 Polegadas
","
LED
","
1366 x 768
","
Bluetooth, USB, Ethernet, Sem fio, HDMI
",Amazon,156.html,"Smart TV LED 32"" HD Android SEMP 32S5300, Conversor Digital, Wi-Fi, Bluetooth, 1 USB, 2 HDMI, Comando de Voz e Google Assistant | Amazon.com.br"
"
PHILCO
",32,"
LED
","
1366 x 768
","
Ethernet, HDMI
",Amazon,157.html,Smart TV Philco PTV32G70SBL LED- HD- WIFI integrado | Amazon.com.br
"
Panasonic
","
32 Polegadas
","
LED
","
1366 x 768
","
Wi-Fi, USB, Ethernet, HDMI
",Amazon,158.html,"Smart TV LED 32"" HD Panasonic, 2 HDMI, USB, Bluetooth, Wi-Fi - TC-32FS600B | Amazon.com.br"
"
PHILCO
",24,"
LED
","
1366 x 768 Pixels
","
HDMI
",Amazon,163.html,"TV LED 24"" HD PHILCO PTV24C10D, Resolução HD, Recepção Digital, Preta Bivolt | Amazon.com.br"
"
PHILCO
","
32 Polegadas
","
LED
","
1366 X 768 Pixels
","
USB, Ethernet, HDMI, Sem fio
",Amazon,164.html,"Smart TV, PTV32G52S, 32"" Polegadas, Tela LED, Wi-Fi integrado, Entradas HDMI e USB, Conversor digital integrado, Philco | Amazon.com.br"
"
PHILCO
","
28 Polegadas
","
LED
","
1366 x 768 Pixels
","
Wi-fi
",Amazon,166.html,"TV Monitor Smart LED 28"" HD Philco PTV28G50SN com Wi-Fi, Netflix, Conversor Digital Integrado, Dolby Audio, Midiacast, Entradas HDMI e USB | Amazon.com.br"
"
PHILCO
",55,"
LED
","
3840 x 2160
","
USB, HDMI
",Amazon,169.html,Smart TV LED 55 UHB 4K PHILCO PTV55Q20SNBL com Netflix | Amazon.com.br
"
PHILCO
",50,"
LED
","
3840 x 2160
","
Ethernet, HDMI
",Amazon,170.html,"Smart TV Philco PTV50G71AGBLS 4K LED - UHD, borda infinita, comando de voz | Amazon.com.br"
"
PHILIPS
","
58 Polegadas
","
LED
","
3840 Pixels
","
Bluetooth, USB, Video Composto, Ethernet, HDMI
",Amazon,172.html,"Smart TV Philips 58"" 58PUG6654/78 4K UHD HDR10+ Dolby Vision Dolby Atmos Bluetooth WiFi 3 HDMI 2 USB - Prata Bordas ultrafinas | Amazon.com.br"
"
Panasonic
",43,"
LED
","
1080p
","
USB, HDMI
",Amazon,175.html,"PANASONIC SMART TV LED 43"" FHD, 2 HDMI, 2 USB, WI-FI - 1 ANO DE GARANTIA | Amazon.com.br"
"
LG
","
32 Polegadas
","
LED
","
HD (1366 x 768)
","
USB, HDMI
",Amazon,180.html,"LG 32LV300C - TV LED 32"" 1 HDMI 1 USB, Frequência 60 Hz com Conversor Digital Integrado | Amazon.com.br"
"
TCL
","
65 Polegadas
","
LED
","
4K
","
Bluetooth, Wi-Fi, USB, Ethernet, HDMI
",Amazon,551.html,"Smart TV LED 65"" 4K Ultra HD TCL 65P715 3 HDMI 2 USB Android Wi-Fi Bluetooth | Amazon.com.br"
"
Sony
","
65 Polegadas
","
LED
","
3840 x 2160
","
Wi-Fi, USB, Ethernet, HDMI
",Amazon,552.html,"Smart TV 65"" LED 4K UHD HDR Smart & Durável KD-65X705G | KD-65X705G BR6 | Amazon.com.br"
"
Teste
","
65 Polegadas
","
OLED
","
3840 x 2160
","
USB, Ethernet, HDMI, Wifi
",Amazon,553.html,"Smart TV 65"" OLED 4K UHD HDR Android TV XBR-65A9G | Amazon.com.br"
"
Panasonic
","
55 Polegadas
","
LED
","
8.3 MP
","
Bluetooth, USB, Ethernet, HDMI, Sem fio
",Amazon,555.html,"Smart TV LED 55"" 4K UHD Panasonic TC-55HX550B, HDR10+, Sistema Android, Bivolt | Amazon.com.br"
"
LG
","
50 Polegadas
","
LED
","
3840 x 2160 Pixels
","
Bluetooth, Wi-Fi, USB, Ethernet, HDMI
",Amazon,556.html,"Smart TV LG LED 50"" 4K UHD 50UN731C, 3 HDMI, 2 USB, Wi-Fi, Assistente Virtual, Bluetooth | Amazon.com.br"
"
PHILCO
","
22 Polegadas
","
LED
","
1920 x 1080
","
HDMI
",Amazon,558.html,TV LED 22'' Philco PTV22G50D Full HD 2 HDMI 1 USB Preta | Amazon.com.br
"
SAMSUNG
","
58 Polegadas
","
LED
","
3840 x 2160 Pixels
","
USB, HDMI, Wifi
",Amazon,559.html,"Smart TV LED 58"" UHD 4K Samsung UN58TU7000GXZD, Processador Crystal 4K, HDR, Borda Infinita, Controle Remoto Único, Bluetooth, Visual Livre de Cabos | Amazon.com.br"
"
Sony
","
75 Polegadas
","
LED
","
3840 x 2160
","
Wi-fi, Ethernet
",Amazon,560.html,"Smart TV LED, Grande, Sony, XBR-75X955G, 75, Preta, Compatível com Alexa | Amazon.com.br"
"
SAMSUNG
","
55 Polegadas
","
LED
","
2160 Pixels
","
HDMI
",Amazon,561.html,"Smart TV LED 55"" Ultra HD 4K HDR Samsung LH55BETHVGGXZD, Tyzen, 2 HDMI, 1 USB, Wi-fi | Amazon.com.br"
"
PHILCO
",40,"
LED
","
1920 X 1080
","
USB, Ethernet, HDMI
",Amazon,562.html,"Smart Android Google TV PHILCO 40"" TV PTV40G71AGBL LED - GLOBO PLAY- YOUTUBE | Amazon.com.br"
"
SAMSUNG
","
43 Polegadas
","
LED
","
1080 Pixels
","
HDMI
",Amazon,564.html,"Smart TV LED 43"" Full HD Samsung LH43BETMLGGXZD, 2 HDMI, 1 USB, Wi-Fi, HDR, Sistema Operacional Tizen e Dolby Digital Plus | Amazon.com.br"
"
SAMSUNG
",43,"
UHD 4K
","
3.840 x 2.160
","
Bluetooth, Ethernet, HDMI
",Amazon,565.html,"Smart TV LED 43"" UHD 4K Samsung UN43TU7000GXZD, Processador Crystal 4K, HDR, Borda Infinita, Controle Remoto Único, Bluetooth, Visual Livre de Cabos | Amazon.com.br"
"
PHILIPS
","
55 Polegadas
","
LED
","
3840 x 2160 Pixels
","
Bluetooth, Wi-fi, USB, Ethernet, HDMI
",Amazon,568.html,"Smart TV Philips 55PUG7625 4K UHD, P5, HDR10+, Dolby Vision, Dolby Atmos, Bluetooth, WiFi, 3 HDMI, 2 USB - Preto Bordas ultrafinas | Amazon.com.br"
"
Multilaser
","
32 Polegadas
","
LED
","
1366 Pixels
","
Wi-fi
",Amazon,572.html,Tela 32 Pol. HD Multilaser Entradas HDMI USB - TL022 | Amazon.com.br
"
TCL
","
40 Polegadas
","
LED
","
1920 x 1080
","
Bluetooth, Wi-Fi, USB, Ethernet, HDMI
",Amazon,576.html,"Smart TV LED 40"" Full HD Android TCL 40S6500, Wi-Fi, HDR, Inteligência Artificial, 2 HDMI, 1 USB | Amazon.com.br"
"
SAMSUNG
","
43 Polegadas
","
LED
","
3840 x 2160
","
Wi-Fi, USB, Ethernet, HDMI
",Amazon,578.html,"Smart TV LED UHD 4K 43"", Samsung, UN43NU7100GXZD | Amazon.com.br"
"
LG
","
55 Polegadas
","
LED
","
3840 X 2160 Pixels
","
VGA, Bluetooth, USB, Ethernet, HDMI
",Amazon,579.html,"Smart TV 55"" 4K LG 55UN7310PSC, UHD, WiFi, Bluetooth, HDR, Inteligência Artificial ThinQAI, Controle Smart Magic, Google e Alexa | Amazon.com.br"
"
PHILIPS
","
43 Polegadas
","
LED
","
1920 Pixels
","
Wi-Fi, USB, Video Composto, Ethernet, HDMI
",Amazon,580.html,"Smart TV LED 43"" Philips 43PFG5813/78, Ultra Slim, Wi-Fi, 2 HDMI, 2 USB | Amazon.com.br"
"
PHILCO
",55,"
LED
","
3840 x 2160
","
USB, Ethernet, HDMI
",Amazon,581.html,"Smart TV LED 4K 55"" PHILCO PTV55G70SBLSG, Conexão Wireless, Mídia Cast, Processador Gráfico Triple Core | Amazon.com.br"
"
PHILIPS
","
32 Polegadas
","
LED
","
1366 Pixels
","
Wi-Fi, USB, Video Composto, Ethernet, HDMI
",Amazon,582.html,"Smart TV LED 32"" Philips 32PHG581378 HD Conversor Digital 2 HDMI 2 USB Wi-fi 60hz - Preta | Amazon.com.br"
"
Sony
","
65 Polegadas
","
LED
","
3840 x 2160
","
Wi-Fi, USB, Ethernet, HDMI
",Amazon,586.html,"Smart TV 65"" LED 4K UHD HDR Smart & Durável KD-65X705G | KD-65X705G BR6 | Amazon.com.br"
"
Teste
","
65 Polegadas
","
OLED
","
3840 x 2160
","
USB, Ethernet, HDMI, Wifi
",Amazon,587.html,"Smart TV 65"" OLED 4K UHD HDR Android TV XBR-65A9G | Amazon.com.br"
"
LG
","
65 Polegadas
","
OLED
","
4K
","
Bluetooth, Wi-Fi, USB, HDMI
",Amazon,589.html,Smart TV 4K LG OLED AI 65 IA Cinema HDR Wi-Fi - OLED65CXPSA | Amazon.com.br
"
Panasonic
","
65 Polegadas
","
LED
","
8.3 MP
","
USB, Ethernet, HDMI, Sem fio
",Amazon,590.html,"TV Panasonic TC-65GX500B, LED, 65"" 4K Ultra HD, HDR | Amazon.com.br"
"
Multilaser
","
32 Polegadas
","
LED
","
1366 Pixels
","
Wi-fi
",Amazon,592.html,Tela 32 Polegadas HD Com Função Smart E Wi-Fi Integrado Multilaser - TL020 | Amazon.com.br
"
SAMSUNG
","
75 Polegadas
","
LED
","
3840 x 2160
","
Bluetooth, Wi-Fi, USB, Ethernet, HDMI
",Amazon,625.html,"Tv Samsung Smart 4K 75"" UN75TU8000GXZD | Amazon.com.br"
"
SAMSUNG
","
55 Polegadas
","
LED
","
3840 x 2160
","
Wi-Fi, USB, Ethernet, HDMI
",Amazon,914.html,"Smart TV LED 55"" Samsung Ultra HD 4k 55NU7100 com Conversor Digital 3 HDMI 2 USB Wi-Fi Solução Inteligente de Cabos HDR Premium Smart Tizen | Amazon.com.br"
"
SAMSUNG
","
55 Polegadas
","
QLED
","
3840 x 2160 Pixels
","
Bluetooth, USB, Ethernet, HDMI
",Amazon,916.html,Samsung Smart TV QLED 4K The Frame QN55LS03TAGXZD | Amazon.com.br
null,43 Pol,LED,1920 x 1080,null,carrefour,3.html,"Smart TV 43'' LCD LED Philips 43PFG5813, Full HD, com Wi-Fi, 2 USB, 2 HDMI, Conversor Digital e Função Monitor - Carrefour"
null,58 Pol,LED,3840 X 2160,null,carrefour,5.html,"Smart TV Philips LED 58', 58PUG6654/78, 4K, UHD - Carrefour"
null,65 Pol,LED,4k,null,carrefour,7.html,Smart TV LED 65' 4K UHD LG 65UN731C 3 HDMI 2 USB Wi-Fi Assitente Virtual Bluetooth - Carrefour
null,60 Pol,LED,UHD 4K,null,carrefour,8.html,"Smart TV LED 60"" LG UN7310 UHD 4K Wi-Fi, Bluetooth, HDR 10 PRO e HLG Pro, Thinq AI, Google Assistente, Alexa - Carrefour"
null,70 Pol,LED,3840 X 2160,null,carrefour,9.html,"Smart TV LED 70"" LG UN7310 UHD 4K Wi-Fi, Bluetooth, HDR 10 PRO e HLG Pro, Thinq AI, Google Assistente, Alexa - Carrefour"
null,65 Pol,LED,3840 X 2160,null,carrefour,10.html,"Smart TV LED 65"" LG UN7310 UHD 4K Wi-Fi, Bluetooth, HDR 10 Pro e HLG Pro, Thinq AI, Google Assistente, Alexa - Carrefour"
null,55 Pol,LED,UHD 4K,null,carrefour,11.html,"Smart TV LED 55"" LG UN7310 UHD 4K Wi-Fi, Bluetooth, HDR 10 PRO e HLG Pro, Thinq AI, Google Assistente, Alexa - Carrefour"
null,43 Pol,LED,3840 X 2160,null,carrefour,12.html,"Smart TV LED 43"" LG 43UN7300 UHD 4K Bluetooth HDR 10 Thing Ai Google Assistente - Alexa Iot Função Gamer - Carrefour"
null,58 Pol,LED,Ultra HD 4K - 3840 x 2160 pixels,null,carrefour,14.html,"Smart TV LED 58"" Philco PTV58G71AGBLS UHD 4K Android TV, Processador Quad Core, Dolby Vision e Áudio, Wi-Fi - Carrefour"
null,55,LED,"3,840 x 2,160",null,carrefour,71.html,Smart TV Samsung 55 LH55BETHVGGXZD Crystal 4K HDR10 Processador Tecnologia de Business TV - Carrefour
null,55,QLED,4K,null,carrefour,72.html,Smart Tv Samsung 55 Polegadas QLED 4K Ultra QN50Q60TAGXZD - Carrefour
null,82 Pol,LED,4k,null,carrefour,78.html,"Smart TV LED 82"" LG UN8000 UHD 4K Wi-Fi, Bluetooth, HDR 10 Pro e HLG Pro, Thinq AI, Google Assistente, Alexa - Carrefour"
null,43 Pol,LED,UHD 4K,null,carrefour,83.html,"Samsung Smart TV QLED 4K The Frame 43"" Modo Arte, Modo Ambiente 3.0, Molduras customizáveis e Suporte No-Gap - Carrefour"
null,65 Pol,OLED,4k,null,carrefour,99.html,"Smart TV OLED 65"" LG OLED65GXPSA UHD 4K Bluetooth + Smart TV LED 65"" LG UN7310 UHD 4K Wi-Fi, Bluetooth - Carrefour"
null,65 Pol,OLED,4k,null,carrefour,100.html,"Smart TV OLED 65"" LG OLED65GXPSA UHD 4K Bluetooth, Google Assistente + Smart TV LED 55"" LG UN7310 UHD 4K - Carrefour"
null,77 Pol,OLED,4k,null,carrefour,101.html,"Smart TV OLED 77"" LG OLED77CXPSA UHD 4K Bluetooth, HDR, Thinq AI, @9 Processador, Google Assistente Alexa - Carrefour"
null,55 Pol,LED,UHD 4K,null,carrefour,107.html,"Samsung Smart TV QLED 4K The Frame 55"" Modo Arte, Modo Ambiente 3.0 + Smart TV LED 32"" Samsung T4300 HD WIFI - Carrefour"
null,50 Pol,LED,UHD 4K,null,carrefour,115.html,"Samsung Smart TV 50"" Crystal UHD TU7000 4K, Borda Infinita, Controle Único, Bluetooth, Processador Crystal 4K - Carrefour"
null,75 Pol,LED,UHD 8K,null,carrefour,119.html,"Samsung Smart TV 75"" QLED 8K Q800T Processador com IA, Suporte No-Gap, Alexa, Som em Movimento, Modo Ambiente - Carrefour"
null,65 Pol,LED,UHD 8K,null,carrefour,127.html,"Samsung Smart TV 65"" QLED Q800T 8K Processador com IA, Suporte No-Gap, Alexa, Som em Movimento, Modo Ambiente - Carrefour"
"
Marca: LG
","

                
                    
                    
                    
                        23.6 polegadas
                    
                
                
            
","

                
                    
                    
                    
                        VA
                    
                
                
            
","

                
                    
                    
                    
                        1366 x 768
                    
                
                
            
",null,Colombo,2.html,"Smart TV LED 23,6'' LG, Wi-Fi, 2 HDMI, USB - 24TL52 - Colombo "
"
Marca: Panasonic
","

                
                    
                    
                    
                        55 polegadas
                    
                
                
            
","

                
                    
                    
                    
                        Ultra HD 4K
                    
                
                
            
","

                
                    
                    
                    
                        3840 x 2160 (4K QFHD)
                    
                
                
            
",null,Colombo,10.html,"Smart TV Ultra HD LED 55'' Panasonic, 4K, 3 HDMI, 1 USB, Wi-Fi - TC-55GX500B - Colombo "
"
Marca: Semp Tcl
","

                
                    
                    
                    
                        55 polegadas
                    
                
                
            
","

                
                    
                    
                    
                        LCD
                    
                
                
            
","

                
                    
                    
                    
                        3840 x 2100 (4K UHD)
                    
                
                
            
",null,Colombo,38.html,"Smart TV LED 55'' TCL 4K, 3 HDMI, 2 USB, com Wi-Fi - 55P8M - Colombo "
"
Marca: Sony
","

                
                    
                    
                    
                        55 polegadas
                    
                
                
            
","

                
                    
                    
                    
                        LED
                    
                
                
            
","

                
                    
                    
                    
                        3840 x 2160 4K
                    
                
                
            
",null,Colombo,41.html,"AndroidTV 4K UHD 55"" Sony XBR-55X805G - Mais Cores e Google Assistente - Colombo "
"
Marca: Semp Tcl
","

                
                    
                    
                    
                        50 polegadas
                    
                
                
            
","

                
                    
                    
                    
                        LCD
                    
                
                
            
","

                
                    
                    
                    
                        3840 x 2100 (4K UHD)
                    
                
                
            
",null,Colombo,42.html,"Smart TV LED 50'' TCL 4K, 3 HDMI, 2 USB, com Wi-Fi - 50P8M - Colombo "
"
Marca: LG
","

                
                    
                    
                    
                        43 polegadas
                    
                
                
            
","

                
                    
                    
                    
                        Ultra HD 4K
                    
                
                
            
","

                
                    
                    
                    
                        3840 x 2160 Ultra HD 4K
                    
                
                
            
",null,Colombo,59.html,"Smart TV Ultra HD LED 43'' LG, 4K, 4 HDMI, 2 USB - 43UM7510 - Colombo "
"
Marca: Panasonic
","

                
                    
                    
                    
                        50 polegadas
                    
                
                
            
","

                
                    
                    
                    
                        Ultra HD 4K
                    
                
                
            
","

                
                    
                    
                    
                        3840 x 2160 (4K QFHD)
                    
                
                
            
",null,Colombo,60.html,"Smart TV Ultra HD LED 50'' Panasonic, 4K, 3 HDMI, 1 USB, Wi-Fi - TC-50GX500B - Colombo "
"
Marca: Sony
","

                
                    
                    
                    
                        65 polegadas
                    
                
                
            
","

                
                    
                    
                    
                        LED
                    
                
                
            
","

                
                    
                    
                    
                        3840 x 2160 4K
                    
                
                
            
",null,Colombo,65.html,"Smart TV 4K UHD 65"" Sony KD-65X705G - Mais Cores e Proteção Contra Umidade - Colombo "
"
Marca: Panasonic
","

                
                    
                    
                    
                        32 polegadas
                    
                
                
            
","

                
                    
                    
                    
                        LED LCD
                    
                
                
            
","

                
                    
                    
                    
                        1366 x 768
                    
                
                
            
",null,Colombo,83.html,"Smart TV LED 32'' Panasonic, 2 HDMI, 2 USB - TC-32FS500 - Colombo "
"
Marca: Panasonic
","

                
                    
                    
                    
                        40 polegadas
                    
                
                
            
","

                
                    
                    
                    
                        LED LCD
                    
                
                
            
","

                
                    
                    
                    
                        1920 x 1080 Full HD
                    
                
                
            
",null,Colombo,93.html,"Smart TV LED 40'' Panasonic, Wi-Fi, 2 HDMI, 2 USB - TC-40FS500B - Colombo "
"
Marca: Semp Tcl
","

                
                    
                    
                    
                        32 polegadas
                    
                
                
            
","

                
                    
                    
                    
                        LED
                    
                
                
            
","

                
                    
                    
                    
                        1366 x 768 HD
                    
                
                
            
",null,Colombo,97.html,"Smart TV Android LED HD 32'' TCL, 2 HDMI, Wi-Fi, Bluetooth - 32S6500S - Colombo "
"
Marca: Semp Tcl
","

                
                    
                    
                    
                        43 polegadas
                    
                
                
            
","

                
                    
                    
                    
                        LED
                    
                
                
            
","

                
                    
                    
                    
                        1920 x 1080 Full HD
                    
                
                
            
",null,Colombo,98.html,"Smart TV Android LED Full HD 43'' TCL, 2 HDMI, Wi-Fi, Bluetooth - 43S6500FS - Colombo "
"
Marca: Semp Tcl
","

                
                    
                    
                    
                        55 polegadas
                    
                
                
            
","

                
                    
                    
                    
                        LED
                    
                
                
            
","

                
                    
                    
                    
                        3840 x 2160 Ultra HD 4K
                    
                
                
            
",null,Colombo,99.html,"Android TV LED 55'' TCL, 4K, 3 HDMI, 2 USB, Wi-Fi - 55P715 - Colombo "
"
Marca: Semp Tcl
","

                
                    
                    
                    
                        50 polegadas
                    
                
                
            
","

                
                    
                    
                    
                        LED
                    
                
                
            
","

                
                    
                    
                    
                        3840 x 2160 Ultra HD 4K
                    
                
                
            
",null,Colombo,100.html,"Android TV LED 50'' TCL, 4K, 3 HDMI, 2 USB, Wi-Fi - 50P715 - Colombo "
"
Marca: Semp Tcl
","

                
                    
                    
                    
                        40 polegadas
                    
                
                
            
","

                
                    
                    
                    
                        Full HD
                    
                
                
            
","

                
                    
                    
                    
                        1920 x 1080 Full HD
                    
                
                
            
",null,Colombo,122.html,"Android TV LED 40'' TCL, 2 HDMI, 1 USB, Wi-Fi, Bluetooth - 40S6500FS - Colombo "
"
Marca: Sony
","

                
                    
                    
                    
                        43 polegadas
                    
                
                
            
","

                
                    
                    
                    
                        LED
                    
                
                
            
","

                
                    
                    
                    
                        1920 x 1080 Full HD
                    
                
                
            
",null,Colombo,146.html,"Smart TV LED 43'' Sony, 2 HDMI, 2 USB, com Wi-Fi - KDL-43W665F - Colombo "
"
Marca: Samsung
","

                
                    
                    
                    
                        65 polegadas
                    
                
                
            
","

                
                    
                    
                    
                        QLED
                    
                
                
            
","

                
                    
                    
                    
                        8K 7680 x 4320 pixels
                    
                
                
            
",null,Colombo,216.html,"TV Samsung QLED 65'' 8K QN65Q900RB, IA Upscaling, Direct Full Array16x, HDR 3000 - Colombo "
"
Marca: LG
","

                
                    
                    
                    
                        23.6 polegadas
                    
                
                
            
","

                
                    
                    
                    
                        VA
                    
                
                
            
","

                
                    
                    
                    
                        1366 x 768
                    
                
                
            
",null,Colombo,1003.html,"Smart TV LED 23,6'' LG, Wi-Fi, 2 HDMI, USB - 24TL52 - Colombo "
"
Marca: Panasonic
","

                
                    
                    
                    
                        55 polegadas
                    
                
                
            
","

                
                    
                    
                    
                        Ultra HD 4K
                    
                
                
            
","

                
                    
                    
                    
                        3840 x 2160 (4K QFHD)
                    
                
                
            
",null,Colombo,1020.html,"Smart TV Ultra HD LED 55'' Panasonic, 4K, 3 HDMI, 1 USB, Wi-Fi - TC-55GX500B - Colombo "
"
Marca: Semp Tcl
","

                
                    
                    
                    
                        55 polegadas
                    
                
                
            
","

                
                    
                    
                    
                        LCD
                    
                
                
            
","

                
                    
                    
                    
                        3840 x 2100 (4K UHD)
                    
                
                
            
",null,Colombo,1102.html,"Smart TV LED 55'' TCL 4K, 3 HDMI, 2 USB, com Wi-Fi - 55P8M - Colombo "
"
Marca: Sony
","

                
                    
                    
                    
                        55 polegadas
                    
                
                
            
","

                
                    
                    
                    
                        LED
                    
                
                
            
","

                
                    
                    
                    
                        3840 x 2160 4K
                    
                
                
            
",null,Colombo,1106.html,"AndroidTV 4K UHD 55"" Sony XBR-55X805G - Mais Cores e Google Assistente - Colombo "
"
Marca: Semp Tcl
","

                
                    
                    
                    
                        50 polegadas
                    
                
                
            
","

                
                    
                    
                    
                        LCD
                    
                
                
            
","

                
                    
                    
                    
                        3840 x 2100 (4K UHD)
                    
                
                
            
",null,Colombo,1109.html,"Smart TV LED 50'' TCL 4K, 3 HDMI, 2 USB, com Wi-Fi - 50P8M - Colombo "
"
Marca: LG
","

                
                    
                    
                    
                        43 polegadas
                    
                
                
            
","

                
                    
                    
                    
                        Ultra HD 4K
                    
                
                
            
","

                
                    
                    
                    
                        3840 x 2160 Ultra HD 4K
                    
                
                
            
",null,Colombo,1154.html,"Smart TV Ultra HD LED 43'' LG, 4K, 4 HDMI, 2 USB - 43UM7510 - Colombo "
"
Marca: Panasonic
","

                
                    
                    
                    
                        50 polegadas
                    
                
                
            
","

                
                    
                    
                    
                        Ultra HD 4K
                    
                
                
            
","

                
                    
                    
                    
                        3840 x 2160 (4K QFHD)
                    
                
                
            
",null,Colombo,1156.html,"Smart TV Ultra HD LED 50'' Panasonic, 4K, 3 HDMI, 1 USB, Wi-Fi - TC-50GX500B - Colombo "
"
Marca: Sony
","

                
                    
                    
                    
                        65 polegadas
                    
                
                
            
","

                
                    
                    
                    
                        LED
                    
                
                
            
","

                
                    
                    
                    
                        3840 x 2160 4K
                    
                
                
            
",null,Colombo,1172.html,"Smart TV 4K UHD 65"" Sony KD-65X705G - Mais Cores e Proteção Contra Umidade - Colombo "
"
Marca: Panasonic
","

                
                    
                    
                    
                        32 polegadas
                    
                
                
            
","

                
                    
                    
                    
                        LED LCD
                    
                
                
            
","

                
                    
                    
                    
                        1366 x 768
                    
                
                
            
",null,Colombo,1213.html,"Smart TV LED 32'' Panasonic, 2 HDMI, 2 USB - TC-32FS500 - Colombo "
"
Marca: Panasonic
","

                
                    
                    
                    
                        40 polegadas
                    
                
                
            
","

                
                    
                    
                    
                        LED LCD
                    
                
                
            
","

                
                    
                    
                    
                        1920 x 1080 Full HD
                    
                
                
            
",null,Colombo,1234.html,"Smart TV LED 40'' Panasonic, Wi-Fi, 2 HDMI, 2 USB - TC-40FS500B - Colombo "
"
Marca: Semp Tcl
","

                
                    
                    
                    
                        32 polegadas
                    
                
                
            
","

                
                    
                    
                    
                        LED
                    
                
                
            
","

                
                    
                    
                    
                        1366 x 768 HD
                    
                
                
            
",null,Colombo,1241.html,"Smart TV Android LED HD 32'' TCL, 2 HDMI, Wi-Fi, Bluetooth - 32S6500S - Colombo "
"
Marca: Semp Tcl
","

                
                    
                    
                    
                        43 polegadas
                    
                
                
            
","

                
                    
                    
                    
                        LED
                    
                
                
            
","

                
                    
                    
                    
                        1920 x 1080 Full HD
                    
                
                
            
",null,Colombo,1249.html,"Smart TV Android LED Full HD 43'' TCL, 2 HDMI, Wi-Fi, Bluetooth - 43S6500FS - Colombo "
"
Marca: Semp Tcl
","

                
                    
                    
                    
                        55 polegadas
                    
                
                
            
","

                
                    
                    
                    
                        LED
                    
                
                
            
","

                
                    
                    
                    
                        3840 x 2160 Ultra HD 4K
                    
                
                
            
",null,Colombo,1256.html,"Android TV LED 55'' TCL, 4K, 3 HDMI, 2 USB, Wi-Fi - 55P715 - Colombo "
"
Marca: Semp Tcl
","

                
                    
                    
                    
                        50 polegadas
                    
                
                
            
","

                
                    
                    
                    
                        LED
                    
                
                
            
","

                
                    
                    
                    
                        3840 x 2160 Ultra HD 4K
                    
                
                
            
",null,Colombo,1258.html,"Android TV LED 50'' TCL, 4K, 3 HDMI, 2 USB, Wi-Fi - 50P715 - Colombo "
"
Marca: Semp Tcl
","

                
                    
                    
                    
                        40 polegadas
                    
                
                
            
","

                
                    
                    
                    
                        Full HD
                    
                
                
            
","

                
                    
                    
                    
                        1920 x 1080 Full HD
                    
                
                
            
",null,Colombo,1300.html,"Android TV LED 40'' TCL, 2 HDMI, 1 USB, Wi-Fi, Bluetooth - 40S6500FS - Colombo "
"
Marca: Sony
","

                
                    
                    
                    
                        43 polegadas
                    
                
                
            
","

                
                    
                    
                    
                        LED
                    
                
                
            
","

                
                    
                    
                    
                        1920 x 1080 Full HD
                    
                
                
            
",null,Colombo,1400.html,"Smart TV LED 43'' Sony, 2 HDMI, 2 USB, com Wi-Fi - KDL-43W665F - Colombo "
"
Marca: Samsung
","

                
                    
                    
                    
                        65 polegadas
                    
                
                
            
","

                
                    
                    
                    
                        QLED
                    
                
                
            
","

                
                    
                    
                    
                        8K 7680 x 4320 pixels
                    
                
                
            
",null,Colombo,1588.html,"TV Samsung QLED 65'' 8K QN65Q900RB, IA Upscaling, Direct Full Array16x, HDR 3000 - Colombo "
Semp,"50""",LED,3840 x 2160 pixels 4K,null,Gazin,1.html,"Smart TV Semp LED 50"" 4K Wi-Fi Android Comando de Voz SK8300"
Semp,"50""",LED,3840 x 2160 pixels 4K,null,Gazin,3.html,"Smart TV Semp LED 50"" 4K Wi-Fi Android Comando de Voz SK8300"
Multilaser,"24""",LED,1366 x 768 pixels,null,Gazin,693.html,"TV Monitor Multilaser LED 24"" HD HDMI RCA 30Hz TL021"
Multilaser,"24""",LED,1366 x 768 pixels,null,Gazin,695.html,"TV Monitor Multilaser LED 24"" HD HDMI RCA 30Hz TL021"
LG,"29""",LED,2560 x 1080 pixels,null,Gazin,696.html,"Monitor LG LED 29"" UltraWide Full HD HDMI com Screen Split 29WK500"
AOC,"24,5""",LED,1920 x 1080 pixels,null,Gazin,697.html,"Monitor Gamer Agon AOC LED 24,5"" Wide Full HD 240Hz Freesync AG251FZ2"
AOC,"24""",W-LED,1920 x 1080 pixels,null,Gazin,698.html,"Monitor Gamer AOC Speed LED 24"" Wide IPS Full HD 75Hz HDMI 24G2HE5"
Acer,"21.5""",LED,1920 x 1080 pixels,null,Gazin,699.html,"Monitor Acer LED 21.5"" Full HD HDMI VGA 75Hz com Webcam B227Q"
Acer,"21,5""",LED,1920 x 1080 pixels  ,null,Gazin,701.html,"Monitor Acer LED 21,5"" Widescreen Full HD HDMI VGA 60Hz V226HQL"
LG,"21,5""",LED,1920 x 1080 pixels,null,Gazin,702.html,"Monitor LG LED 21.5"" Wide Full HD HDMI 22MK400H Montável na ParedeMonitor LG LED 21.5"" Widescreen Full HD HDMI Montável na Parede 22MK400H"
LG,"23,8""",LED,1920 x 1080 pixels,null,Gazin,703.html,"Monitor LG LED 23,8"" IPS Full HD HDMI 24MK430B"
Benq,"24""",LED,1920 x 1080 pixels,null,Gazin,704.html,"Monitor Gamer Benq LED 24"" Widescreen Full HD para E-Sports Xl2411P"
LG,"29""",LED,2560 x 1080 pixels,null,Gazin,714.html,"Monitor LG LED 29"" UltraWide Full HD HDMI com Screen Split 29WK500"
AOC,"24,5""",LED,1920 x 1080 pixels,null,Gazin,715.html,"Monitor Gamer Agon AOC LED 24,5"" Wide Full HD 240Hz Freesync AG251FZ2"
AOC,"24""",W-LED,1920 x 1080 pixels,null,Gazin,716.html,"Monitor Gamer AOC Speed LED 24"" Wide IPS Full HD 75Hz HDMI 24G2HE5"
Acer,"21.5""",LED,1920 x 1080 pixels,null,Gazin,717.html,"Monitor Acer LED 21.5"" Full HD HDMI VGA 75Hz com Webcam B227Q"
Acer,"21,5""",LED,1920 x 1080 pixels  ,null,Gazin,719.html,"Monitor Acer LED 21,5"" Widescreen Full HD HDMI VGA 60Hz V226HQL"
LG,"21,5""",LED,1920 x 1080 pixels,null,Gazin,720.html,"Monitor LG LED 21.5"" Wide Full HD HDMI 22MK400H Montável na ParedeMonitor LG LED 21.5"" Widescreen Full HD HDMI Montável na Parede 22MK400H"
LG,"23,8""",LED,1920 x 1080 pixels,null,Gazin,721.html,"Monitor LG LED 23,8"" IPS Full HD HDMI 24MK430B"
Benq,"24""",LED,1920 x 1080 pixels,null,Gazin,722.html,"Monitor Gamer Benq LED 24"" Widescreen Full HD para E-Sports Xl2411P"
Acer,"24,5""",Full HD,1920 x 1080 pixels,null,Gazin,723.html,"Monitor Gamer Acer Predator IPS G-Sync 24,5"" Full HD HDMI 240Hz XB253Q"
Acer,"23""",IPS,1920 x 1080 pixels,null,Gazin,724.html,"Monitor Acer Ultra Fino IPS Slim 23"" Full HD HDMI 75Hz SA230"
Acer,"24,5""",Full HD,1920 x 1080 pixels,null,Gazin,727.html,"Monitor Gamer Acer Predator IPS G-Sync 24,5"" Full HD HDMI 240Hz XB253Q"
Acer,"23""",IPS,1920 x 1080 pixels,null,Gazin,728.html,"Monitor Acer Ultra Fino IPS Slim 23"" Full HD HDMI 75Hz SA230"
" Marca Samsung Referência UN50TU7000GXZD
Modelo 50TU7000 "," 50"" "," - LED
- Crystal UHD "," Resolução (Pixels) 3840x2160
 "," - 2 HDMI
- 1 USB
- 1 Ethernet (LAN)
- 1 Saída de Áudio Digital Óptica
- 1 Entrada de RF
 ",Magazine Luiza,0.html,Smart TV Crystal UHD 4K LED 50” Samsung - 50TU7000 Wi-Fi Bluetooth HDR 2 HDMI 1 USB - TV 4K Ultra HD - Magazine Luiza
" Marca Samsung Referência UN55TU7000GXZD
 Modelo UN55TU7000GXZD "," 55""
 "," - LED
- Crystal UHD "," Resolução (Pixels) 3840 x 2160
 "," - 2 HDMI 
- 1 USB
- 1 Ethernet (LAN)
- 1 Entrada de RF
- 1 Saída de áudio óptica ",Magazine Luiza,4.html,Smart TV Crystal UHD 4K LED 55” Samsung - UN55TU7000GXZD Wi-Fi Bluetooth 2 HDMI 1 USB - Smart TV - Magazine Luiza
" Marca Samsung Referência UN75TU8000GXZD
Modelo 75TU8000 "," 75"" "," - LED
- Crystal UHD "," Resolução (Pixels) 3840x2160
 "," - 3 HDMI
- 2 USB
- 1 Entrada composto (AV)
- 1 Ethernet (LAN)
- 1 Saída de Áudio Digital Óptica
- 1 Entrada de RF
 ",Magazine Luiza,5.html,Smart TV Crystal UHD 4K LED 75” Samsung - 75TU8000 Wi-Fi Bluetooth HDR 3 HDMI 2 USB - Smart TV - Magazine Luiza
" Marca Samsung Referência UN65TU8000GXZD
Modelo 65TU8000 "," 65"" ",LED," Resolução (Pixels) 3840x2160
 "," - 3 HDMI
- 2 USB
- 1 Entrada composto (AV)
- Ethernet (LAN)
- 1 Saída de Áudio Digital Óptica
- 1 Entrada de RF
 ",Magazine Luiza,13.html,Smart TV Crystal UHD 4K LED 65” Samsung - 65TU8000 Wi-Fi Bluetooth HDR 3 HDMI 2 USB - Smart TV - Magazine Luiza
" Marca Samsung Referência UN43TU7000GXZD

Modelo 43TU7000 "," 43"" "," - LED
- Crystal UHD "," Resolução (Pixels) 3840x2160
 "," - 2 HDMI
- 1 USB
- 1 Ethernet (LAN)
- 1 Saída de Áudio Digital Óptica
- 1 Entrada de RF
 ",Magazine Luiza,14.html,Smart TV Crystal UHD 4K LED 43” Samsung - 43TU7000 Wi-Fi Bluetooth HDR 2 HDMI 1 USB - Smart TV - Magazine Luiza
" Marca LG Referência 43UN7300PSC
Modelo 43UN7300PSC "," 43"" ",LED,Resolução (Pixels) 2160p Formato da tela 16:9," 3 HDMI, 2 USB, 1 Saída Óptica, 1 Entrada RF para TV Aberta, 1 Entrada LAN RJ45 e 1 Entrada Vídeo Componente/AV ",Magazine Luiza,16.html,Smart TV UHD 4K LED IPS 43” LG 43UN7300PSC Wi-Fi - Bluetooth Inteligência Artificial 3 HDMI 2 USB - TV 4K Ultra HD - Magazine Luiza
" Marca LG Referência 50UN7310PSC
 Modelo 50UN7310PSC "," 50"" ",LED,Resolução (Pixels) 2160p Formato da tela 16:9," 3 HDMI, 2 USB, 1 Saída Óptica, 1 Entrada RF para TV Aberta, 1 Entrada LAN RJ45 e 1 Entrada Vídeo Componente/AV ",Magazine Luiza,17.html,Smart TV UHD 4K LED 50” LG 50UN7310PSC Wi-Fi - Bluetooth Inteligência Artificial 3 HDMI 2 USB - TV 4K Ultra HD - Magazine Luiza
" Marca Samsung Referência UN55TU8000GXZD
 Modelo 55TU8000 Linha Crystal "," 55"" "," - LED
 "," Resolução (Pixels) 3840x2160
 "," - 3 HDMI
- 2 USB
- 1 Entrada composto (AV)
- 1 Ethernet (LAN)
- 1 Saída de Áudio Digital Óptica
- 1 Entrada de RF
 ",Magazine Luiza,18.html,Smart TV Crystal UHD 4K LED 55” Samsung - 55TU8000 Wi-Fi Bluetooth HDR 3 HDMI 2 USB - Smart TV - Magazine Luiza
" Marca Samsung Referência UN50TU8000GXZD
 Modelo 50TU8000 "," 50"" "," - LED
- Crystal UHD "," Resolução (Pixels) 3840x2160
 "," - 3 HDMI
- 2 USB
- 1 Entrada composto (AV)
- 1 Ethernet (LAN)
- 1 Saída de Áudio Digital Óptica
- 1 Entrada de RF
 ",Magazine Luiza,19.html,Smart TV Crystal UHD 4K LED 50” Samsung - 50TU8000 Wi-Fi Bluetooth HDR 3 HDMI 2 USB - Smart TV - Magazine Luiza
" Marca Samsung Referência UN50TU7000GXZD
Modelo 50TU7000 "," 50"" "," - LED
- Crystal UHD "," Resolução (Pixels) 3840x2160
 "," - 2 HDMI
- 1 USB
- 1 Ethernet (LAN)
- 1 Saída de Áudio Digital Óptica
- 1 Entrada de RF
 ",Magazine Luiza,20.html,Smart TV Crystal UHD 4K LED 50” Samsung - 50TU7000 Wi-Fi Bluetooth HDR 2 HDMI 1 USB - Smart TV - Magazine Luiza
" Marca Samsung Referência UN55TU7000GXZD
 Modelo UN55TU7000GXZD "," 55""
 "," - LED
- Crystal UHD "," Resolução (Pixels) 3840 x 2160
 "," - 2 HDMI 
- 1 USB
- 1 Ethernet (LAN)
- 1 Entrada de RF
- 1 Saída de áudio óptica ",Magazine Luiza,21.html,Smart TV Crystal UHD 4K LED 55” Samsung - UN55TU7000GXZD Wi-Fi Bluetooth 2 HDMI 1 USB - Smart TV - Magazine Luiza
" Marca Samsung Referência UN75TU8000GXZD
Modelo 75TU8000 "," 75"" "," - LED
- Crystal UHD "," Resolução (Pixels) 3840x2160
 "," - 3 HDMI
- 2 USB
- 1 Entrada composto (AV)
- 1 Ethernet (LAN)
- 1 Saída de Áudio Digital Óptica
- 1 Entrada de RF
 ",Magazine Luiza,22.html,Smart TV Crystal UHD 4K LED 75” Samsung - 75TU8000 Wi-Fi Bluetooth HDR 3 HDMI 2 USB - Smart TV - Magazine Luiza
" Marca Samsung Referência UN65TU8000GXZD
Modelo 65TU8000 "," 65"" ",LED," Resolução (Pixels) 3840x2160
 "," - 3 HDMI
- 2 USB
- 1 Entrada composto (AV)
- Ethernet (LAN)
- 1 Saída de Áudio Digital Óptica
- 1 Entrada de RF
 ",Magazine Luiza,27.html,Smart TV Crystal UHD 4K LED 65” Samsung - 65TU8000 Wi-Fi Bluetooth HDR 3 HDMI 2 USB - Smart TV - Magazine Luiza
" Marca Samsung Referência UN43TU7000GXZD

Modelo 43TU7000 "," 43"" "," - LED
- Crystal UHD "," Resolução (Pixels) 3840x2160
 "," - 2 HDMI
- 1 USB
- 1 Ethernet (LAN)
- 1 Saída de Áudio Digital Óptica
- 1 Entrada de RF
 ",Magazine Luiza,28.html,Smart TV Crystal UHD 4K LED 43” Samsung - 43TU7000 Wi-Fi Bluetooth HDR 2 HDMI 1 USB - Smart TV - Magazine Luiza
" Marca LG Referência 43UN7300PSC
Modelo 43UN7300PSC "," 43"" ",LED,Resolução (Pixels) 2160p Formato da tela 16:9," 3 HDMI, 2 USB, 1 Saída Óptica, 1 Entrada RF para TV Aberta, 1 Entrada LAN RJ45 e 1 Entrada Vídeo Componente/AV ",Magazine Luiza,29.html,Smart TV UHD 4K LED IPS 43” LG 43UN7300PSC Wi-Fi - Bluetooth Inteligência Artificial 3 HDMI 2 USB - TV 4K Ultra HD - Magazine Luiza
" Marca LG Referência 50UN7310PSC
 Modelo 50UN7310PSC "," 50"" ",LED,Resolução (Pixels) 2160p Formato da tela 16:9," 3 HDMI, 2 USB, 1 Saída Óptica, 1 Entrada RF para TV Aberta, 1 Entrada LAN RJ45 e 1 Entrada Vídeo Componente/AV ",Magazine Luiza,30.html,Smart TV UHD 4K LED 50” LG 50UN7310PSC Wi-Fi - Bluetooth Inteligência Artificial 3 HDMI 2 USB - TV 4K Ultra HD - Magazine Luiza
" Marca Samsung Referência UN55TU8000GXZD
 Modelo 55TU8000 Linha Crystal "," 55"" "," - LED
 "," Resolução (Pixels) 3840x2160
 "," - 3 HDMI
- 2 USB
- 1 Entrada composto (AV)
- 1 Ethernet (LAN)
- 1 Saída de Áudio Digital Óptica
- 1 Entrada de RF
 ",Magazine Luiza,31.html,Smart TV Crystal UHD 4K LED 55” Samsung - 55TU8000 Wi-Fi Bluetooth HDR 3 HDMI 2 USB - Smart TV - Magazine Luiza
" Marca Samsung Referência UN50TU8000GXZD
 Modelo 50TU8000 "," 50"" "," - LED
- Crystal UHD "," Resolução (Pixels) 3840x2160
 "," - 3 HDMI
- 2 USB
- 1 Entrada composto (AV)
- 1 Ethernet (LAN)
- 1 Saída de Áudio Digital Óptica
- 1 Entrada de RF
 ",Magazine Luiza,32.html,Smart TV Crystal UHD 4K LED 50” Samsung - 50TU8000 Wi-Fi Bluetooth HDR 3 HDMI 2 USB - Smart TV - Magazine Luiza
" Marca Samsung Referência UN50TU7000GXZD
Modelo 50TU7000 "," 50"" "," - LED
- Crystal UHD "," Resolução (Pixels) 3840x2160
 "," - 2 HDMI
- 1 USB
- 1 Ethernet (LAN)
- 1 Saída de Áudio Digital Óptica
- 1 Entrada de RF
 ",Magazine Luiza,33.html,Smart TV Crystal UHD 4K LED 50” Samsung - 50TU7000 Wi-Fi Bluetooth HDR 2 HDMI 1 USB - Smart TV - Magazine Luiza
" Marca Samsung Referência QN50Q60TAGXZD
 Modelo 50Q60TA "," 50""
 "," QLED
 "," Resolução (Pixels) 3840x2160
 Formato da tela Widescreen "," - 3 Entradas HDMI
- 2 Entradas USB
- Entrada AV
- Ethernet
- Saída de áudio digital
- Entrada de RF (cabo) ",Magazine Luiza,34.html,Smart TV 4K QLED 50” Samsung 50Q60TA - Wi-Fi Bluetooth HDR 3 HDMI 2 USB - Smart TV - Magazine Luiza
" Marca Samsung Referência QN55Q80TAGXZD

Modelo 55Q80TA "," 55""
 "," QLED
 "," Resolução (Pixels) 3840 x 2160
 "," - 4 HDMI
- 2 USB
- 1 Ethernet (LAN)
- 1 Saída de Áudio Digital Óptica
- Entrada de RF ",Magazine Luiza,39.html,Smart TV 4K QLED 55” Samsung Q80TA Alexa Built In - Pontos Quânticos Modo Game Som em Movimento - Smart TV - Magazine Luiza
" Marca Samsung Referência UN58TU7020GXZD
 Modelo UN58TU7020GXZD "," 58"" ",Crystal UHD,Resolução (Pixels) 3840x2160 Formato da tela 16:9," - 2 entradas HDMI
- 1 entrada USB
- 1 entrada RF
- 1 saída óptica
 ",Magazine Luiza,42.html,Smart TV 4K Crystal UHD 58” Samsung UN58TU7020GXZD - Wi-Fi Bluetooth HDR10+ 2 HDMI 1 USB - Smart TV - Magazine Luiza
" Marca Samsung Referência UN65TU7000GXZD
 Modelo 65TU7000 "," 65""
 "," - LED
- Crystal UHD "," Resolução (Pixels) 3840x2160
 "," - 1 HDMI
- 1 USB
- 1 Ethernet (LAN)
- 1 Entrada de RF
- 1 Saída óptica
 ",Magazine Luiza,68.html,Smart TV Crystal UHD 4K LED 65” Samsung - 65TU7000 Wi-Fi Bluetooth 2 HDMI 1 USB - Smart TV - Magazine Luiza
" Marca Samsung Referência UN65TU7000GXZD
 Modelo 65TU7000 "," 65""
 "," - LED
- Crystal UHD "," Resolução (Pixels) 3840x2160
 "," - 1 HDMI
- 1 USB
- 1 Ethernet (LAN)
- 1 Entrada de RF
- 1 Saída óptica
 ",Magazine Luiza,74.html,Smart TV Crystal UHD 4K LED 65” Samsung - 65TU7000 Wi-Fi Bluetooth 2 HDMI 1 USB - Smart TV - Magazine Luiza
" Marca LG Referência 82UN8000
Modelo 82UN8000PSB "," 82"" ",LED,Resolução (Pixels) 3840x2160p Formato da tela 16:9," - 4 Entradas HDMI
- 3 Entradas USB
- 1 Entrada RF
- 1 Saída Ótica ",Magazine Luiza,130.html,Combo Smart TV UHD 4K LED 82” LG 82UN8000PSB - Wi-Fi + Smart TV UHD 4K LED 50” Wi-Fi Bluetooth - Smart TV - Magazine Luiza
" Marca LG Referência 75UN8000
Modelo 75UN8000PSB "," 75"" ",LED,Resolução (Pixels) 3840x2160p Formato da tela 16:9," - 4 Entradas HDMI
- 2 Entradas USB
- 1 Entrada RF
- 1 Saída Ótica ",Magazine Luiza,137.html,Combo Smart TV 4K LED IPS 75” LG 75UN8000PSB - Wi-Fi + Smart TV UHD 4K LED 50” Wi-Fi Bluetooth - Smart TV - Magazine Luiza
" Marca LG Referência 82UN8000
Modelo 82UN8000PSB "," 82"" ",LED,Resolução (Pixels) 3840x2160p Formato da tela 16:9," - 4 Entradas HDMI
- 3 Entradas USB
- 1 Entrada RF
- 1 Saída Ótica ",Magazine Luiza,138.html,Combo Smart TV UHD 4K LED 82” LG 82UN8000PSB - Wi-Fi + Smart TV UHD 4K LED 50” Wi-Fi Bluetooth - Smart TV - Magazine Luiza
" Marca LG Referência 75UN8000
Modelo 75UN8000PSB "," 75"" ",LED,Resolução (Pixels) 3840x2160p Formato da tela 16:9," - 4 Entradas HDMI
- 2 Entradas USB
- 1 Entrada RF
- 1 Saída Ótica ",Magazine Luiza,139.html,Combo Smart TV 4K LED IPS 75” LG 75UN8000PSB - Wi-Fi + Smart TV UHD 4K LED 50” Wi-Fi Bluetooth - Smart TV - Magazine Luiza
" Marca Samsung Referência QN50Q60TAGXZD
 Modelo 50Q60TA "," 50""
 "," QLED
 "," Resolução (Pixels) 3840x2160
 Formato da tela Widescreen "," - 3 Entradas HDMI
- 2 Entradas USB
- Entrada AV
- Ethernet
- Saída de áudio digital
- Entrada de RF (cabo) ",Magazine Luiza,154.html,Smart TV 4K QLED 50” Samsung 50Q60TA - Wi-Fi Bluetooth HDR 3 HDMI 2 USB - Smart TV - Magazine Luiza
" Marca Samsung Referência QN55Q80TAGXZD

Modelo 55Q80TA "," 55""
 "," QLED
 "," Resolução (Pixels) 3840 x 2160
 "," - 4 HDMI
- 2 USB
- 1 Ethernet (LAN)
- 1 Saída de Áudio Digital Óptica
- Entrada de RF ",Magazine Luiza,158.html,Smart TV 4K QLED 55” Samsung Q80TA Alexa Built In - Pontos Quânticos Modo Game Som em Movimento - Smart TV - Magazine Luiza
" Marca Samsung Referência UN58TU7020GXZD
 Modelo UN58TU7020GXZD "," 58"" ",Crystal UHD,Resolução (Pixels) 3840x2160 Formato da tela 16:9," - 2 entradas HDMI
- 1 entrada USB
- 1 entrada RF
- 1 saída óptica
 ",Magazine Luiza,160.html,Smart TV 4K Crystal UHD 58” Samsung UN58TU7020GXZD - Wi-Fi Bluetooth HDR10+ 2 HDMI 1 USB - Smart TV - Magazine Luiza
" Marca Samsung Referência QN65Q80TAGXZD

Modelo 65Q80TA "," 65""
 "," QLED
 "," Resolução (Pixels) 3840 x 2160
 "," - 4 HDMI
- 2 USB
- 1 Ethernet (LAN)
- 1 Saída de Áudio Digital Óptica
- Entrada de RF ",Magazine Luiza,181.html,Smart TV 4K QLED 65” Samsung 65Q80TA - Wi-Fi Bluetooth HDR 4 HDMI 2 USB - Smart TV - Magazine Luiza
Marca TCL Referência 65P8M Modelo 65P8M," 65"" ",LED,Resolução (Pixels) 3840x2160 Formato da tela 16:9 Ângulo de visão 178º Contraste 5000:1 Brilho 300m2," - 03 HDMI
- 02 USB
- Vídeo Composto
- RF ",Magazine Luiza,182.html,Smart TV 4K LED 65” TCL 65P8M Android Wi-Fi - Bluetooth HDR Inteligência Artificial 3 HDMI 2 USB - Smart TV - Magazine Luiza
Marca Philco Referência 99653007 Modelo PTV65F80SNS," 65"" ",LED,Resolução (Pixels) 3840x2160 Formato da tela 16:9 Ângulo de visão 170°(H) x 170°(V) Contraste 4.500.000:1 Brilho 330 cd/m²," - Entrada de vídeo e áudio estéreo (RCA)
- 03 Entradas HDMI
- Entrada RF para TV aberta (Digital e Analógica) e TV à cabo
- 02 Entradas USB 2.0: reproduz filmes, músicas e fotos
- Entrada RJ45 (Para uso no sistema GINGA da TV digital e/ou para recursos Smart TV) ",Magazine Luiza,200.html,Smart TV 4K LED 65” Philco PTV65F80SNS - Wi-Fi HDR 3 HDMI 2 USB - Smart TV - Magazine Luiza
Marca Samsung Referência UN65MU7000GXZD Modelo 65MU7000,65'',LED,Resolução (Pixels) 3840x2160 Contraste Mega Contraste," - 04 HDMI
- 03 USB
- 01 Componente (Y,Pb,Pr)
- 01 Composto (AV)
- 01 RF (terrestre/entrada de cabo) ",Magazine Luiza,201.html,Smart TV 4K LED 65” Samsung 65MU7000 Wi-Fi - HDR 4 HDMI 3 USB - Smart TV - Magazine Luiza
" Marca LG Referência 65NANO96
Modelo 65NANO96SNA "," 65"" ",LED,Resolução (Pixels) 7680x4320 Formato da tela 16:9," - 4 entradas HDMI
- 3 Entradas USB
- 1 Entrada RF
- 1 Saída Óptica ",Magazine Luiza,212.html,Combo Smart TV 8K NanoCell IPS 65” LG 65NANO96SNA - Wi-Fi Bluetooth + Smart TV UHD 4K LED IPS 43” - Smart TV - Magazine Luiza
" Marca LG Referência 65NANO96
Modelo 65NANO96SNA "," 65"" ",LED,Resolução (Pixels) 7680x4320 Formato da tela 16:9," - 4 entradas HDMI
- 3 Entradas USB
- 1 Entrada RF
- 1 Saída Óptica ",Magazine Luiza,220.html,Combo Smart TV 8K NanoCell IPS 65” LG 65NANO96SNA - Wi-Fi Bluetooth + Smart TV UHD 4K LED IPS 43” - Smart TV - Magazine Luiza
" Marca LG Referência 55US660H0SD.BWZ
 Modelo 55US660H0SD.BWZ Linha Hotel Pro: Centric "," 55"" ",LED," Resolução (Pixels) 3840 X 2160 Formato da tela 16:09 Ângulo de visão 178 x 178 Contraste 1.000.000:1 Brilho 400 cd/m2
 "," 3 HDMI, 2 USB, RS-232, Saída Áudio ",Magazine Luiza,225.html,Smart TV 4K LED IPS 55” LG Hotel Pro: Centric - 55US660H0SD.BWZ Wi-Fi Bluetooth 3 HDMI 2 USB - Smart TV - Magazine Luiza
Marca Samsung Referência UN55MU6400GXZD Modelo UN55MU6400GXZD," 55""
 ",LED," Resolução (Pixels) 3840x2160
 "," - 03 HDMI		
- 02 USB		
- 01 Entrada de Componente (Y, Pb, Pr)		
- 01 Entrada - Composto (AV - uso normal por componente Y)
- 01 Entrada de Rede
- 01 Entrada de RF 		 ",Magazine Luiza,229.html,Smart TV 4K LED 55” Samsung UN55MU6400GXZD - Wi-Fi 3 HDMI 2 USB - Smart TV - Magazine Luiza
" Marca AOC Referência 43S5195/78G
Modelo 43S5195/78G "," 43"" "," LED
 "," Resolução (Pixels) 1920x1080 Formato da tela 16:9 Ângulo de visão 178°
Brilho min 180
 Vida útil do painel 30000 hs
 "," - 03 HDMI
- 01 USB,
- 01 Vídeo composto
- 01 Vídeo componente
- 01 Saída fone de ouvido
- 01 SPDIF
- 01 RJ-45
 ",Magazine Luiza,250.html,Smart TV Full HD LED 43” AOC 43S5195/78G - Wi-Fi 3 HDMI 1 USB - Smart TV - Magazine Luiza
" Marca TCL Referência 43S6500
 Modelo 43S6500 "," 43"" ",LED," Resolução (Pixels) 1920x1080 Formato da tela 16:9 Ângulo de visão 178º
 Contraste 3000:1
 Brilho 250 Cd/M2
 Vida útil do painel 30.000 horas
 "," - 1 Porta LAN
- 2 HDMI
- 1 USB
- 1 Entrada Vídeo componente
- 1 Entrada de áudio estéreo/mono
- 1 Entrada ANT/CABLE ",Magazine Luiza,251.html,Smart TV LED 43” TCL 43S6500 Full HD - Android Wi-Fi 2 HDMI 1 USB - Smart TV - Magazine Luiza
" Marca LG Referência 43LM6300PSB
 Modelo 43LM6300PSB "," 43"" ",LED," Resolução (Pixels) 1920x1080 Contraste 1200 Brilho 270
 "," - 03 Entradas HDMI
- 02 Entradas USB
- 01 Entrada RF para TV aberta/TV a Cabo
- 01 Entrada AV/vídeo componente
- 01 Entrada LAN RJ45 ",Magazine Luiza,253.html,Smart TV LED 43” LG 43LM6300PSB Full HD Wi-Fi - Inteligência Artificial 3 HDMI 2 USB - Smart TV - Magazine Luiza
" Marca Samsung Referência UN43T5300AGXZD
 Modelo 43T5300A "," 43""
 "," LED
 "," Resolução (Pixels) 1920x1080
 Formato da tela Widescreen "," - 2 Entradas HDMI
- 1 Entrada USB
- Ethernet (LAN)
- Saída de Áudio Digital (Óptica)
- Entrada de RF (terrestre/entrada de cabo)
 ",Magazine Luiza,254.html,Smart TV Full HD LED 43” Samsung 43T5300A - Wi-Fi HDR 2 HDMI 1 USB - Smart TV - Magazine Luiza
Marca Sony Referência XBR-70X835F Modelo XBR-70X835F Linha XBR X835F Series," 70"" ",LED,Resolução (Pixels) 3840x2160 Formato da tela 16:9 Ângulo de visão 178 (89/89)," - 02 Entrada RF 
- Entrada de vídeo composto 
- 04 Entradas HDMI 4 (1 lateral, 3 traseiras) 
- 02 Entradas de áudio analógico 
- 03 USB ",Magazine Luiza,255.html,Smart TV 4K LED 70” Sony XBR-70X835F Android - Wi-Fi HDR 4 HDMI 3 USB - Smart TV - Magazine Luiza
" Marca AOC Referência 32S5195/78G
 Modelo 32S5195/78G "," 32"" "," LED
 "," Resolução (Pixels) 1366x768 Formato da tela 16:9 Ângulo de visão 178°
 Vida útil do painel 30000h
 "," - 3 HDMI
- 1 USB
- 1 Vídeo composto
- 1 Vídeo componente
- 1 Saída fone de ouvido
- 1 RJ-45
 ",Magazine Luiza,271.html,Smart TV HD LED 32” AOC 32S5195/78G - Wi-Fi 3 HDMI 1 USB - Smart TV - Magazine Luiza
" Marca LG Referência 32LM625BPSB
 Modelo 32LM625BPSB "," 32"" ",LED," Contraste 1200 Brilho 216
 "," - 03 Entradas HDMI
- 02 Entradas USB
- 01 Entrada RF para TV aberta/TV a Cabo
- 01 Entrada AV/vídeo componente
- 01 Entrada LAN RJ45 ",Magazine Luiza,276.html,Smart TV HD LED 32” LG 32LM625BPSB Wi-Fi Bluetooth - HDR Inteligência Artificial 3 HDMI 2 USB - Smart TV - Magazine Luiza
" Marca Samsung Referência QN65Q80TAGXZD

Modelo 65Q80TA "," 65""
 "," QLED
 "," Resolução (Pixels) 3840 x 2160
 "," - 4 HDMI
- 2 USB
- 1 Ethernet (LAN)
- 1 Saída de Áudio Digital Óptica
- Entrada de RF ",Magazine Luiza,280.html,Smart TV 4K QLED 65” Samsung 65Q80TA - Wi-Fi Bluetooth HDR 4 HDMI 2 USB - Smart TV - Magazine Luiza
Marca TCL Referência 65P8M Modelo 65P8M," 65"" ",LED,Resolução (Pixels) 3840x2160 Formato da tela 16:9 Ângulo de visão 178º Contraste 5000:1 Brilho 300m2," - 03 HDMI
- 02 USB
- Vídeo Composto
- RF ",Magazine Luiza,281.html,Smart TV 4K LED 65” TCL 65P8M Android Wi-Fi - Bluetooth HDR Inteligência Artificial 3 HDMI 2 USB - Smart TV - Magazine Luiza
Marca Philco Referência 99653007 Modelo PTV65F80SNS," 65"" ",LED,Resolução (Pixels) 3840x2160 Formato da tela 16:9 Ângulo de visão 170°(H) x 170°(V) Contraste 4.500.000:1 Brilho 330 cd/m²," - Entrada de vídeo e áudio estéreo (RCA)
- 03 Entradas HDMI
- Entrada RF para TV aberta (Digital e Analógica) e TV à cabo
- 02 Entradas USB 2.0: reproduz filmes, músicas e fotos
- Entrada RJ45 (Para uso no sistema GINGA da TV digital e/ou para recursos Smart TV) ",Magazine Luiza,284.html,Smart TV 4K LED 65” Philco PTV65F80SNS - Wi-Fi HDR 3 HDMI 2 USB - Smart TV - Magazine Luiza
Marca Samsung Referência UN65MU7000GXZD Modelo 65MU7000,65'',LED,Resolução (Pixels) 3840x2160 Contraste Mega Contraste," - 04 HDMI
- 03 USB
- 01 Componente (Y,Pb,Pr)
- 01 Composto (AV)
- 01 RF (terrestre/entrada de cabo) ",Magazine Luiza,285.html,Smart TV 4K LED 65” Samsung 65MU7000 Wi-Fi - HDR 4 HDMI 3 USB - Smart TV - Magazine Luiza
Marca Sony Referência XBR-65X905E Modelo XBR-65X905E," 65"" ",LED," Resolução (Pixels) 3840 x 2160 Formato da tela Widescreen - 16:9 Contraste - X-tended Dynamic Range™ PRO
- Object-based HDR remaster
- Dynamic Contrast Enhancer Brilho XDR "," - 04 HDMI
- 03 USB
- 01 Ethernet 
- 02 RF
- 01 CATV
- 01 Vídeo componente
- 02 Vídeo composto ",Magazine Luiza,314.html,Smart TV LED 65” Sony 4K/Ultra HD XBR-65X905E - Android Conversor Digital Wi-Fi 4 HDMI 3 USB - Smart TV - Magazine Luiza
Marca LG Referência OLED55B7P Modelo OLED55B7P," 55"" ",OLED," Resolução (Pixels) 3840 x 2160 Formato da tela Widescreen 16:9 Contraste Infinito: Antes impossível para qualquer TV, a tecnologia de pixels que se auto iluminam entrega um contraste infinito, gerando imagens mais nítidas e sem nenhum vazamento de luz. Acredite, você não assistiu TV até ver o que a LG OLED TV é capaz de mostrar "," 4 HDMI
3 USB 
1 entrada RF para TV aberta - 1 entrada RF para TV a Cabo - 1 entrada AV/vídeo componente - 1 entrada LAN RJ45 ",Magazine Luiza,402.html,Smart TV 4K OLED 55” LG OLED55B7P Full HD - Wi-Fi HDR Conversor Digital 4 HDMI 3 USB - Smart TV - Magazine Luiza
" Marca LG Referência 43UM7300PSA
Modelo 43UM7300PSA "," 43""
"," LED 
 ",Resolução (Pixels) 3840x2160," - 03 entradas HDMI 2.0
- 02 entradas USB
- 01 entrada RF para TV aberta
- 01 entrada RF para TV a Cabo
- 01 entrada AV/vídeo componente
- 01 saída digital óptica
- 01 entrada LAN RJ45
",Magazine Luiza,404.html,Combo Smart TV 4K OLED 55” LG OLED55C9PSA Wi-Fi - HDR Inteligência Artificial e Smart TV 4K LED 43” - Smart TV - Magazine Luiza
" Marca LG Referência 43UM7300PSA
Modelo 43UM7300PSA "," 43""
"," LED 
 ",Resolução (Pixels) 3840x2160," - 03 entradas HDMI 2.0
- 02 entradas USB
- 01 entrada RF para TV aberta
- 01 entrada RF para TV a Cabo
- 01 entrada AV/vídeo componente
- 01 saída digital óptica
- 01 entrada LAN RJ45
",Magazine Luiza,411.html,Smart TV 4K OLED 55” LG OLED55B8SSC Wi-Fi - HDR Inteligência Artificial e Smart TV 4K LED 43” - Smart TV - Magazine Luiza
" Marca LG Referência 43UM7300PSA
Modelo 43UM7300PSA "," 43""
"," LED 
 ",Resolução (Pixels) 3840x2160," - 03 entradas HDMI 2.0
- 02 entradas USB
- 01 entrada RF para TV aberta
- 01 entrada RF para TV a Cabo
- 01 entrada AV/vídeo componente
- 01 saída digital óptica
- 01 entrada LAN RJ45
",Magazine Luiza,416.html,Smart TV 4K OLED 55” LG OLED55B9PSB Wi-Fi - HDR Inteligência Artificial + Smart TV 4K LED 43” - Smart TV - Magazine Luiza
" Marca Samsung Referência QN75Q800TAGXZD
Modelo 75Q800TA "," 75"" ",QLED," Resolução (Pixels) 7680 x 4320
 "," - HDMI: 4 
- USB: 2 
- Entrada composto (AV): 1 
- Ethernet (LAN): Sim 
- Saída de Áudio Digital (Óptica): 1 
 ",Magazine Luiza,468.html,Smart TV 8K QLED 75” Samsung 75Q800TA - Wi-Fi Bluetooth +Smart TV Crystal UHD 4K LED 50” - Smart TV - Magazine Luiza
" Marca Samsung Referência QN75Q800TAGXZD
Modelo 75Q800TA "," 75"" ",QLED," Resolução (Pixels) 7680 x 4320
 "," - HDMI: 4 
- USB: 2 
- Entrada composto (AV): 1 
- Ethernet (LAN): Sim 
- Saída de Áudio Digital (Óptica): 1 
 ",Magazine Luiza,469.html,Smart TV 8K QLED 75” Samsung 75Q800TA - Wi-Fi Bluetooth +Smart TV Crystal UHD 4K LED 50” - Smart TV - Magazine Luiza
" Marca LG Referência 75NANO95
 Modelo 75NANO95SNA "," 75"" ",LED,Resolução (Pixels) 7680x4320 Formato da tela 16:9," - 4 entradas HDMI
- 3 Entradas USB
- 1 Entrada RF
- 1 Saída Óptica ",Magazine Luiza,472.html,Combo Smart TV 8K NanoCell IPS 75” LG 75NANO95SNA - Wi-Fi Bluetooth + Smart TV UHD 4K LED 50” - Smart TV - Magazine Luiza
" Marca LG Referência 75NANO95
 Modelo 75NANO95SNA "," 75"" ",LED,Resolução (Pixels) 7680x4320 Formato da tela 16:9," - 4 entradas HDMI
- 3 Entradas USB
- 1 Entrada RF
- 1 Saída Óptica ",Magazine Luiza,475.html,Combo Smart TV 8K NanoCell IPS 75” LG 75NANO95SNA - Wi-Fi Bluetooth + Smart TV UHD 4K LED 50” - Smart TV - Magazine Luiza
" Marca Samsung Referência QN55LS03TAGXZD
 Modelo QN55LS03TAGXZD "," 55"" "," LED
 ",Resolução (Pixels) 3840x2160 Formato da tela 16:9," - 4 Entradas HDMI
- 2 Entradas USB
- 1 Entrada de Vídeo Composto
- 1 Entrada RF
- 1 Saída de Áudio Óptica
- 1 Entrada LAN ",Magazine Luiza,501.html,Smart TV 4K QLED 55” Samsung The Frame Wi-Fi - Bluetooth + Smart TV LED 32” Wi-Fi HDR - Smart TV - Magazine Luiza
Marca Samsung Referência QN55Q7FNAGXZD Modelo Q7FN," 55"" ",QLED,Resolução (Pixels) 3840x2160 Contraste Mega Contraste," - 04 Entradas HDMI
- 03 Entradas USB
- 01 Entrada de Componente (Y,Pb,Pr)
- Entrada de Composto (AV)
- Ethernet (LAN)
- Entrada de RF (terrestre/entrada de cabo)
- HDMI A / Return Ch. Support 
- HDMI Quick Switch 
 ",Magazine Luiza,502.html,Smart TV QLED 55” Samsung 4K/Ultra HD Q7FN - Tizen Modo Ambiente Linha 2018 - Smart TV - Magazine Luiza
" Marca Samsung Referência QN55LS03TAGXZD
 Modelo QN55LS03TAGXZD "," 55"" "," LED
 ",Resolução (Pixels) 3840x2160 Formato da tela 16:9," - 4 Entradas HDMI
- 2 Entradas USB
- 1 Entrada de Vídeo Composto
- 1 Entrada RF
- 1 Saída de Áudio Óptica
- 1 Entrada LAN ",Magazine Luiza,508.html,Smart TV 4K QLED 55” Samsung The Frame Wi-Fi - Bluetooth + Smart TV LED 32” Wi-Fi HDR - Smart TV - Magazine Luiza
Marca Samsung Referência QN55Q7FNAGXZD Modelo Q7FN," 55"" ",QLED,Resolução (Pixels) 3840x2160 Contraste Mega Contraste," - 04 Entradas HDMI
- 03 Entradas USB
- 01 Entrada de Componente (Y,Pb,Pr)
- Entrada de Composto (AV)
- Ethernet (LAN)
- Entrada de RF (terrestre/entrada de cabo)
- HDMI A / Return Ch. Support 
- HDMI Quick Switch 
 ",Magazine Luiza,509.html,Smart TV QLED 55” Samsung 4K/Ultra HD Q7FN - Tizen Modo Ambiente Linha 2018 - Smart TV - Magazine Luiza
Marca Samsung Referência QN55Q6FNAGXZD Modelo Q6FN," 55"" ",QLED,Resolução (Pixels) 3840x2160 Contraste Mega Contraste," - 04 Entradas HDMI
- 02 Entradas USB
- 01 Entrada de Componente (Y,Pb,Pr)
- Entrada de Composto (AV)
- Ethernet (LAN)
- Entrada de RF (terrestre/entrada de cabo)
- HDMI A / Return Ch. Support
- HDMI Quick Switch
- Wi-Fi integrado
 ",Magazine Luiza,544.html,Smart TV QLED 55” Samsung 4K/Ultra HD Q6FN - Tizen Modo Ambiente Linha 2018 - Smart TV - Magazine Luiza
Marca Samsung Referência QN65Q6FNAGXZD Modelo Q6FN," 65"" ",QLED,Resolução (Pixels) 3840x2160 Contraste Mega Contraste," - 04 Entradas HDMI
- 02 Entradas USB
- 01 Entrada de Componente (Y,Pb,Pr)
- Entrada de Composto (AV)
- Ethernet (LAN)
- 01 Saída de Áudio Digital (Óptica)
- Entrada de RF (terrestre/entrada de cabo)
- HDMI A / Return Ch. Support
- HDMI Quick Switch
 ",Magazine Luiza,545.html,Smart TV QLED 65” Samsung 4K/Ultra HD Q6FN - Tizen Modo Ambiente Linha 2018 - Smart TV - Magazine Luiza
Marca Samsung Referência UN65KS9000GXZD Modelo 65KS9000," 65"" ",LED," Resolução (Pixels) 3840x2160 Contraste A Samsung utiliza o mais alto padrão de brilho e contraste, como as maiores produções cinematográficas. A tecnologia HDR 1000 é capaz de reproduzir uma gama muito superior de brilho e contraste, exibindo detalhes que estavam escondidos em cenas com muita ou pouca luminosidade. Independentemente da iluminação da sua sala, a TV vai garantir a melhor qualidade de imagem Brilho A Samsung utiliza o mais alto padrão de brilho e contraste, como as maiores produções cinematográficas. A tecnologia HDR 1000 é capaz de reproduzir uma gama muito superior de brilho e contraste, exibindo detalhes que estavam escondidos em cenas com muita ou pouca luminosidade. Independentemente da iluminação da sua sala, a TV vai garantir a melhor qualidade de imagem "," - 04 HDMI
- 03 USB
- 01 Rede ",Magazine Luiza,547.html,Smart TV LED Curva 65” Samsung 4K Ultra HD - SUHD 65KS9000 Conversosr Digital 4 HDMI 3 USB - Smart TV - Magazine Luiza
Marca Samsung Referência UN50KU6000GXZD Modelo 50KU6000," 50"" ",LED,Resolução (Pixels) 3840x2160," - 03 HDMI
- 02 USB
- 01 Rede ",Magazine Luiza,549.html,Smart TV LED 50” Samsung 4K/Ultra HD 50KU6000 - Conversor Digital Wi-Fi 3 HDMI 2 USB - Smart TV - Magazine Luiza
Marca Samsung Referência QN49Q6FNAGXZD Modelo QN49Q6FNAGXZD," 49"" ",QLED,Resolução (Pixels) 3840x2160 Formato da tela 16:9 Contraste Mega Contraste," - 04 HDMI
- 02 USB
- 01 Entrada de Componente (Y,Pb,Pr)
- 01 Entrada de Composto (AV)
- Ethernet (LAN)
- Saída de Áudio Digital (Óptica)
- Entrada de RF (terrestre/entrada de cabo)
- HDMI A / Return Ch. Support
- HDMI Quick Switch
- Anynet+ (HDMI-CEC) ",Magazine Luiza,581.html,Smart TV QLED 49” Samsung 4K/Ultra HD - QN49Q6FNAGXZD Tizen Modo Ambiente Linha 2018 - Smart TV - Magazine Luiza
Marca Samsung Referência QN65Q7FAMGXZD Modelo 65Q7FAM,65'',QLED,Resolução (Pixels) 3840x2160 Contraste Mega Contraste," - 04 HDMI
- 03 USB
- 01 Componente (Y,Pb,Pr)
- 01 Composto (AV)
- 01 RF (terrestre/entrada de cabo) ",Magazine Luiza,637.html,Smart TV QLED 65” Samsung 4K/Ultra HD 65Q7FAM - Conversor Digital Wi-Fi 4 HDMI 3 USB - Smart TV - Magazine Luiza
Marca LG Referência 55SM9000PSA Modelo 55SM9000PSA,55'',NanoCell," Formato da tela Widescreen 16:9 Contraste 1600 Brilho 450 Cd/m²
 "," - 04 entradas HDMI 2.1
- 03 entradas USB
- 01 entrada RF para TV aberta
- 01 entrada RF para TV por assinatura
- 01 entrada AV/vídeo componente
- 01 entrada LAN RJ45 ",Magazine Luiza,921.html,Smart TV 4K NanoCell 55” + Smart TV HD LED 32” LG - Wi-Fi Inteligência Artificial Controle Smart Magic - Smart TV - Magazine Luiza
